{"cameraMode":{"drawMode":0,"name":"Shaded","section":"Shading Mode"},"sceneLighting":true,"audioPlay":false,"sceneViewState":{"m_AlwaysRefresh":false,"showFog":true,"showSkybox":true,"showFlares":true,"showImageEffects":true,"showParticleSystems":true,"showVisualEffectGraphs":true,"m_FxEnabled":true},"in2DMode":false,"pivot":{"x":10.621333122253418,"y":1.7719389200210572,"z":6.216826438903809},"rotation":{"x":0.0011063653510063887,"y":0.9958521723747253,"z":0.01314238179475069,"w":-0.09044256806373596},"size":0.1510554999113083,"orthographic":false}