{"cameraMode":{"drawMode":0,"name":"Shaded","section":"Shading Mode"},"sceneLighting":true,"audioPlay":false,"sceneViewState":{"m_AlwaysRefresh":false,"showFog":true,"showSkybox":true,"showFlares":true,"showImageEffects":true,"showParticleSystems":true,"showVisualEffectGraphs":true,"m_FxEnabled":true},"in2DMode":false,"pivot":{"x":356.6221618652344,"y":6.2992448806762699,"z":583.9801635742188},"rotation":{"x":0.14235158264636994,"y":0.45187291502952578,"z":-0.07331438362598419,"w":0.8776130080223084},"size":15.138728141784668,"orthographic":false}